Economico,"Nombre Sucursal","Fecha Ingreso","Fecha Promesa","Fecha Entrega",Motivo,"Costo por Reparacion","Dias en Detencion",nombreEstatus,Comentarios,Mad,Operacion,nombreTaller
TZ-175,"Guadalajara Especializado",2020-01-22,2020-03-20,0000-00-00,"Mantenimiento Correctivo",390295,42,"En espera de autorización","Cabeza de motor, media reparacion, turbo, actuador, inyectores. 
Falla por calentamiento de motor.  UNIDAD SE INGRESA A KW DE JALISCO EN GRUA. PENDIENTE REVISAR AVANCE ",MOTRIZ,Modelo,"Zapata Camiones  Suc. R Michel"
TZ-128,"Guadalajara Especializado",2020-02-11,2020-03-06,0000-00-00,"Mantenimiento Correctivo",35326,22,"En espera de autorización","Daño en VGT, bomba de direccion, filtro de direccion y kit de separacion PDM. En espera de autorizacion.
Unidad ingresada a M. Otero. En espera de diagnostico",MOTRIZ,Modelo,"Zapata Camiones  Suc. Mariano Otero"
4315,Torreon,2020-02-18,2020-03-06,0000-00-00,Siniestro,1,15,"En espera de autorización","PERDIDA DE LONAS POR SINIESTRO (TIRO PRODUCTO)
EN PROCESO DE NEGOSIACION POR PARTE DE PERSONAL DE SINIESTROS (JAIME CHAUL) Y QUALITAS,",ARRASTRE,Modelo,"Reconstructora Especializada de Equ"
TZ-151,"Mexico Especializado",2020-01-29,2020-03-05,0000-00-00,"Mantenimiento Correctivo",350000,35,"En espera de autorización","Reparación mayor motor (motor sobre calentado)",MOTRIZ,Modelo,"Kenworth de Michoacan S.A de C.V"
4168,"Mexico Dedicado",2020-02-10,2020-03-13,,"Mantenimiento Correctivo",60,23,"En espera de cotización","FALLA DE FRENOS (DISCO)",ARRASTRE,Modelo,"Grupo SIS Diesel Refacciones y Tran"
TZ-290,"Mexico Especializado",2020-02-28,2020-03-04,0000-00-00,"Mantenimiento Correctivo",15000,5,"En espera de diagnostico","Fan clutch se queda pegado
Secador desfoga constantemente
Revisar sensor de nivel de refrigerante (marca código aun con refrigerante a nivel)",MOTRIZ,Modelo,"Zapata Camiones (Tlalnepantla)"
TZ-291,"Mexico Especializado",2020-02-29,2020-03-05,0000-00-00,"Mantenimiento Correctivo",1,4,"En espera de diagnostico","Revisar elevación de temperatura de refrigerante
Nivel de anticongelante correcto, no presenta fugas de refrigerante, fan clutch si trabaja",MOTRIZ,Modelo,"Zapata Camiones (Tlalnepantla)"
TZ-244,"Mexico Especializado",2020-03-02,2020-03-05,0000-00-00,"Mantenimiento Correctivo",15000,2,"En espera de diagnostico","Revisar funcionamiento fan clutch (no trabaja automático)",MOTRIZ,Modelo,"Zapata Camiones (Tlalnepantla)"
TZ-149,Torreon,2020-03-04,2020-03-07,0000-00-00,"Mantenimiento Correctivo",1,0,"En espera de diagnostico","UNIDAD PRESENTA CONTAMINACIÓN DE DIÉSEL EN EL AGUA.
(PASO DIÉSEL AL DEPOSITO DE ANTICONGELANTE)
SE ENVIARA A MEGAMAK PARA REVISAR TEMA DE GARANTÍA YA QUE LA UNIDAD SALIO DE REPARACIÓN DE CON ELLOS.",MOTRIZ,Modelo,"Megamack (Torreon)"
4271,Tuxtepec,2020-02-10,2020-03-10,0000-00-00,Siniestro,0,23,"En proceso de reparación","Reparación de remolque por garantía en taller de aseguradora por mala reparación en taller de Cuernavaca",ARRASTRE,Modelo,"Reipa en veracruz"
TZ-167,"Guadalajara Especializado",2020-02-25,2020-03-05,0000-00-00,"Mantenimiento Correctivo",8500,8,"En proceso de reparación","DAÑO EN PEDAL DE ACELERADOR, SE REVISA POSIBLE GARANTIA POR COMPONENTE",MOTRIZ,Modelo,"Zapata Camiones  Suc. Mariano Otero"
TZ-320,Torreon,2020-01-23,2020-03-05,0000-00-00,Siniestro,68853,41,"En proceso de reparación","Golpe en cofre lado derecho por siniestro, daño en defensa, faro principal derecho y cofre completo.",MOTRIZ,Modelo,"Reconstructora Especializada de Equ"
TZ-115,"Mexico Especializado",2020-01-21,2020-03-04,0000-00-00,"Mantenimiento Correctivo",31200,43,"En proceso de reparación","Reparar inyectores",MOTRIZ,Modelo,"Patio Zemog"
4118,"Mexico Dedicado",2020-01-12,2020-03-20,0000-00-00,Siniestro,0,52,"En proceso de reparación","LA UNIDAD SUFRIÓ SINIESTRO EN EL QUE FUIMOS AFECTADOS, NOS VAN A PAGAR LOS DAÑOS PERO JAIME CHAUL NO HA DADO RESPUESTAS SI YA ESTÁN AUTORIZADOS, EL TALLER QUE ES UTILITY YA PASO LA VALUACIÓN PARA EL P",ARRASTRE,Modelo,"Patio Zemog"
TZ-120,Tuxtepec,2020-02-28,2020-03-05,0000-00-00,"Mantenimiento Correctivo",4500,5,"En proceso de reparación","Corregir fuga de aceite en junta de campana",MOTRIZ,Modelo,"Gomsa Camiones Tuxtepec S.A de C.V."
TZ-350,Zacatecas,2020-02-08,2020-03-26,0000-00-00,"Mantenimiento Correctivo",215515,25,"En proceso de reparación","Media reparación de motor por desgaste de componentes ",MOTRIZ,Modelo,"Kenworth del Centro S.A de C.V"
4311,Tuxtepec,2020-03-02,2020-03-02,,"Mantenimiento Correctivo",8000,2,"En proceso de reparación","Reparar espiga, cambio de balero pos. 2, cambio de gavilanes pos. 1 y 2",ARRASTRE,Modelo,"Muelles de la Cuenca"
4326,"Mexico Dedicado",2020-03-02,2020-03-03,,"Mantenimiento Correctivo",12000,2,"En proceso de reparación","INGRESA A PREVENTIVO Y CORRECTIVOS, EN DONDE HAY QUE REPARAR LA MAMPARA,RIELES DE CARRETILLA,CAMBIO DE SECCIÓN DE PISO, CORRECCIÓN DE FUGAS DE AIRE.
LO ESTOY SUSTITUYENDO CON EL REM-4151",ARRASTRE,Modelo,"Grupo SIS Diesel Refacciones y Tran"
TZ-326,"Mexico Especializado",2020-03-03,2020-03-04,0000-00-00,"Mantenimiento Correctivo",1954,1,"En proceso de reparación","Calibración motor",MOTRIZ,Modelo,"Kenworth Metropolitanos SA. DE CV."
TZ-189,Zacatecas,2020-03-02,2020-03-04,,"Mantenimiento Correctivo",6560,2,"En proceso de reparación","Cambio de embrague , revisar fuga en transmicion y diferencial",MOTRIZ,Modelo,"Sermucal, S. de R.L de C.V"
TZ-298,Zacatecas,2020-03-04,2020-03-04,,"Mantenimiento Preventivo",5600,0,"En proceso de reparación","Preventivo a motor",MOTRIZ,Modelo,"Euro Centro Camionero, S.A. de C.V."
TZ-199,Tuxtepec,2020-03-04,2020-03-04,0000-00-00,"Mantenimiento Preventivo",16000,0,"En proceso de reparación","Mantto preventivo M1, calibración de motor, corregir fuga de aceite en junta de campana",MOTRIZ,Modelo,"Gomsa Camiones Tuxtepec S.A de C.V."
4338,Torreon,2020-03-04,2020-03-04,,"Mantenimiento Preventivo",2000,0,"En proceso de reparación","MANTENIMIENTO PREVENTIVO",ARRASTRE,Modelo,"Jose Garcia Guerrero"
DH-120,Torreon,2020-03-04,2020-03-04,,"Mantenimiento Preventivo",2000,0,"En proceso de reparación","MANTENIMIENTO PREVENTIVO",DOLLY,Modelo,"Jose Garcia Guerrero"
TZ-234,"Guadalajara Especializado",2020-03-04,2020-03-04,,"Mantenimiento Correctivo",2500,0,"En proceso de reparación","DAÑO EN RADIADOR, EN PROCESO DE REPARACION",MOTRIZ,Modelo,"Efraí Ramos Capistro"
TZ-348,Zacatecas,2020-03-04,2020-03-04,,Rescate,5000,0,"En proceso de reparación","Fuga de refrigerante por la manguera de la calefacción",MOTRIZ,Modelo,"Kenworth del Centro S.A de C.V"
TZ-420,"Mexico Dedicado",2020-03-04,2020-03-05,0000-00-00,"Mantenimiento Preventivo",14000,0,"En proceso de reparación","Servicio preventivo, cambio de valvula de suspension",MOTRIZ,Modelo,"Zapata Camiones (Tlalnepantla)"
TZ-136,"Guadalajara Especializado",2020-02-28,2020-03-09,0000-00-00,"Mantenimiento Correctivo",8500,5,"En proceso de diagnostico","DAÑO EN MICRO SWITCH DE PEDAL DE EMBRAGUE, EN PRUEBA CON OTRO MICRO SIGUE FALLANDO",MOTRIZ,Modelo,"Zapata Camiones  Suc. R Michel"
TZ-333,"Guadalajara Especializado",2020-03-02,2020-03-09,0000-00-00,"Mantenimiento Correctivo",8500,2,"En proceso de diagnostico","BOMBA DE ACEITE CON BAJA PRESION. EN PROCESO DE PRUEBAS DE CAMPO, LA BAJA PRESION ES EN ALTA,  REALIZARAN PRUEBA CON UN BAROMETRO",MOTRIZ,Modelo,"Kenworth de Jalisco S.A de C.V"
4382,Torreon,2020-03-04,2020-03-05,,"Mantenimiento Preventivo",2000,0,Programado,"MANTENIMIENTO PREVENTIVO",ARRASTRE,Modelo,"Jose Garcia Guerrero"
TZ-333,"Guadalajara Especializado",2020-02-07,2020-02-15,2020-02-26,"Mantenimiento Correctivo",10000,19,Terminada,"unidad ingresa en servicio de grúa,  pendiente nos informen diagnostico.
Ruido en cabeza de motor, balancin cascado.  Terminada",MOTRIZ,Modelo,"Kenworth de Jalisco S.A de C.V"
TZ-135,"Guadalajara Especializado",2019-10-01,2020-03-04,2020-03-04,"Mantenimiento Correctivo",140000,155,Terminada,"Daño en marcadores del diesel, micro switch, embalatado general. Arnes para flotador, manguera de bomba de direccion sam cabina y bolsas de suspension. TERMINADA, EN ESPERA DE CALIBRACION DE MOTOR",MOTRIZ,Modelo,"Zapata Camiones  Suc. Mariano Otero"
TZ-173,Zacatecas,2020-02-10,2020-02-13,2020-02-14,Siniestro,0,4,Terminada,"INTENCIONAL DE SATÉLITE",MOTRIZ,Modelo,Omnitracs
TZ-193,Zacatecas,2020-02-07,2020-02-11,2020-02-14,"Mantenimiento Correctivo",7890,7,Terminada,"REVISAR ALBARDONES
REVISAR SOPORTES DE MOTOR
REVISAR SOPORTES DE CABINA
REPARACION DE FUGA DE RADIADOR
PREVENTIVO",MOTRIZ,Modelo,"Centro Diesel Profesional"
DH-129,Tuxtepec,2020-02-10,2020-02-10,2020-02-10,"Mantenimiento Preventivo",1400,0,Terminada,"Mantto. Preventivo A ",DOLLY,Modelo,"Alfredo Carretero Azamar"
TZ-241,Tuxtepec,2020-02-10,2020-02-10,2020-02-11,"Mantenimiento Correctivo",13000,1,Terminada,"Bujes de muelles y albardones dañados, clutch del compresor del a/c dañado",MOTRIZ,Modelo,"Alfredo Carretero Azamar"
TZ-252,Tuxtepec,2020-02-10,2020-02-10,2020-02-10,"Mantenimiento Correctivo",1400,0,Terminada,"Cambio de válvula niveladora delantera por fuga de aire",MOTRIZ,Modelo,"Patio Zemog"
TZ-256,Tuxtepec,2020-02-10,2020-02-10,2020-02-10,"Mantenimiento Correctivo",2000,0,Terminada,"Limpieza de radiador y post enfriador por alta temperatura",MOTRIZ,Modelo,"Ricardo Santiago Velazquez"
4425,Tuxtepec,2020-02-10,2020-02-10,2020-02-11,"Mantenimiento Correctivo",2000,1,Terminada,"Cambio de bolsa de aire pos. 2",ARRASTRE,Modelo,"Alfredo Carretero Azamar"
TZ-250,Tuxtepec,2020-02-11,2020-02-11,2020-02-11,"Mantenimiento Correctivo",100,0,Terminada,"Checar niveles de aceite de motor y anticongelante, arreglar faro neblinero lado derecho",MOTRIZ,Modelo,"Patio Zemog"
TZ-248,Tuxtepec,2020-02-11,2020-02-11,2020-02-12,"Mantenimiento Correctivo",2500,1,Terminada,"Cambio de bolsa de aire en suspensión delantera lado izquierdo, revisar check ambar ya que desactiva el freno de motor y control crucero, cambio de tacón de cofre lado der.",MOTRIZ,Modelo,"Alfredo Carretero Azamar"
TZ-242,Tuxtepec,2020-02-11,2020-02-11,2020-02-12,"Mantenimiento Correctivo",1,1,Terminada,"Posible falla en sistema de combustible (comenta operador en ocasiones pierde potencia y expulsa humo negro)",MOTRIZ,Modelo,"Patio Zemog"
TZ-204,Tuxtepec,2020-02-11,2020-02-11,2020-02-12,"Mantenimiento Correctivo",2000,1,Terminada,"Cambio de válvula niveladora susp. delantera lado derecho, instalación de manguera de sopletear, reparar llanta pos. 4, corregir falla en motor de limpia-parabrisas, corregir falla en sistema A/C",MOTRIZ,Modelo,"Patio Zemog"
TZ-186,Tuxtepec,2020-02-11,2020-02-11,2020-02-12,"Mantenimiento Correctivo",7000,1,Terminada,"Cambio de tacones de motor, corregir falla sistema de a/c",MOTRIZ,Modelo,"Muelles de la Cuenca"
TZ-401,"Mexico Dedicado",2020-02-08,2020-02-29,2020-03-02,Siniestro,0,23,Terminada,"SINIESTRO: golpe en cofre lado izquierdo, faro y facia completa",MOTRIZ,Modelo,"Zapata Camiones (Tlalnepantla)"
TZ-365,Tuxtepec,2020-02-12,2020-02-12,2020-02-13,"Mantenimiento Correctivo",6000,1,Terminada,"Cambio de baterías dañadas, no retienen carga",MOTRIZ,Modelo,"Kenworth del Este S.A. de C.V."
TZ-327,Tuxtepec,2020-02-12,2020-02-13,2020-02-15,"Mantenimiento Correctivo",12000,3,Terminada,"Reparar cofre dañado, cambio de bujes de tensores de diferencial dañados, revisar perdida de potencia, Corregir fuga de diesel en T debajo de la cabina",MOTRIZ,Modelo,"Muelles de la Cuenca"
4259,Tuxtepec,2020-02-11,2020-02-11,2020-02-13,"Mantenimiento Preventivo",1400,2,Terminada,"Mantto Preventivo A",ARRASTRE,Modelo,"Muelles de la Cuenca"
4232,Tuxtepec,2020-02-11,2020-02-11,2020-02-13,"Mantenimiento Preventivo",1400,2,Terminada,"Mantto Preventivo A",ARRASTRE,Modelo,"Muelles de la Cuenca"
DH-125,Tuxtepec,2020-02-11,2020-02-11,2020-02-13,"Mantenimiento Preventivo",1400,2,Terminada,"Mantto preventivo A",DOLLY,Modelo,"Muelles de la Cuenca"
4262,Tuxtepec,2020-02-12,2020-02-12,2020-02-13,"Mantenimiento Preventivo",1400,1,Terminada,"Mantto Preventivo A",ARRASTRE,Modelo,"Muelles de la Cuenca"
4193,Tuxtepec,2020-02-12,2020-02-12,2020-02-13,"Mantenimiento Preventivo",1400,1,Terminada,"Mantto Preventivo A",ARRASTRE,Modelo,"Muelles de la Cuenca"
DH-098,Tuxtepec,2020-02-12,2020-02-12,2020-02-13,"Mantenimiento Preventivo",1400,1,Terminada,"Mantto Preventivo A",DOLLY,Modelo,"Muelles de la Cuenca"
4370,Tuxtepec,2020-02-12,2020-02-12,2020-02-13,"Mantenimiento Preventivo",1400,1,Terminada,"Mantto preventivo A",ARRASTRE,Modelo,"Muelles de la Cuenca"
4369,Tuxtepec,2020-02-12,2020-02-12,2020-02-13,"Mantenimiento Preventivo",1400,1,Terminada,"Mantto Preventivo A",ARRASTRE,Modelo,"Muelles de la Cuenca"
DA-164,Tuxtepec,2020-02-12,2020-02-12,2020-02-13,"Mantenimiento Preventivo",1400,1,Terminada,"Mantto Preventivo A",DOLLY,Modelo,"Muelles de la Cuenca"
4298,Tuxtepec,2020-02-12,2020-02-12,2020-02-13,"Mantenimiento Correctivo",17000,1,Terminada,"Montaje de 8 llantas renovadas BTL-SA 11R 24.5",ARRASTRE,Modelo,"Patio Zemog"
4292,Tuxtepec,2020-02-12,2020-02-12,2020-02-13,Rescate,5000,1,Terminada,"Cambio de bolsa de suspensión dañada pos. 3, cambio de llanta y rin dañado (unidad TZ-257)",ARRASTRE,Modelo,"Muelles de la Cuenca"
TZ-199,Tuxtepec,2020-02-13,2020-02-14,2020-02-15,"Mantenimiento Correctivo",12000,2,Terminada,"Cambio de llantas de dirección",MOTRIZ,Modelo,"Patio Zemog"
TZ-245,Tuxtepec,2020-02-13,2020-02-13,2020-02-15,"Mantenimiento Preventivo",11000,2,Terminada,"Mantto preventivo M1, calibración de motor",MOTRIZ,Modelo,"Gomsa Camiones Tuxtepec S.A de C.V."
TZ-202,Zacatecas,2020-02-13,2020-02-15,2020-02-15,"Mantenimiento Correctivo",13700,2,Terminada,"PROBLEMAS CON RUIDO EN COLLARIN DEL EMBRAGUE",MOTRIZ,Modelo,"Sermucal, S. de R.L de C.V"
4439,Tuxtepec,2020-02-14,2020-02-14,2020-02-15,"Mantenimiento Preventivo",1400,1,Terminada,"Mantto preventivo A",ARRASTRE,Modelo,"Muelles de la Cuenca"
4443,Tuxtepec,2020-02-14,2020-02-14,2020-02-15,"Mantenimiento Preventivo",1400,1,Terminada,"Mantto Preventivo A",ARRASTRE,Modelo,"Muelles de la Cuenca"
DA-199,Tuxtepec,2020-02-14,2020-02-14,2020-02-15,"Mantenimiento Preventivo",1400,1,Terminada,"Mantto Preventivo A",DOLLY,Modelo,"Muelles de la Cuenca"
TZ-178,Tuxtepec,2020-02-13,2020-02-13,2020-02-14,Rescate,1,1,Terminada,"Unidad da marcha pero no arranca, se envía rescate por parte de Daimler y se acuerda con CIS que de ser problema satelital seria con cargo a Omnitracs.
Queda unidad disponible, la unidad se encontrab",MOTRIZ,Modelo,"Rescate en carretera"
TZ-202,Zacatecas,2020-02-15,2020-02-17,2020-02-18,"Mantenimiento Preventivo",6500,3,Terminada,"Preventivo M 1",MOTRIZ,Modelo,"Kenworth del Centro S.A de C.V"
TZ-203,Zacatecas,2020-02-15,2020-02-17,2020-02-18,"Mantenimiento Correctivo",3700,3,Terminada,"REVISAR ALBARDONES , REVISAR SOPORTES DE CABINA , REVISAR SOPORTES DE MOTOR , REVISAR BALERO COLGANTE DE FLECHA CARDAN",MOTRIZ,Modelo,"Sermucal, S. de R.L de C.V"
TZ-378,Zacatecas,2020-02-15,2020-02-18,2020-02-24,"Mantenimiento Correctivo",4700,9,Terminada,"REVISAR FRENOS",MOTRIZ,Modelo,"Kenworth del Centro S.A de C.V"
TZ-185,Tuxtepec,2020-02-15,2020-02-15,2020-02-15,"Mantenimiento Preventivo",10000,0,Terminada,"Mantto. Preventivo M1, Calibración de motor",MOTRIZ,Modelo,"Gomsa Camiones Tuxtepec S.A de C.V."
4292,Tuxtepec,2020-02-15,2020-02-15,2020-02-15,"Mantenimiento Correctivo",2000,0,Terminada,"Cambio de tambor dañado pos. 4",ARRASTRE,Modelo,"Alfredo Carretero Azamar"
TZ-243,Tuxtepec,2020-02-15,2020-02-17,2020-02-17,"Mantenimiento Correctivo",1600,2,Terminada,"Reparar radiador por fuga de agua",MOTRIZ,Modelo,"Ricardo Santiago Velazquez"
TZ-363,Tuxtepec,2020-02-15,2020-02-15,2020-02-17,"Mantenimiento Correctivo",500,2,Terminada,"Checar fuga de aire, cambiar anticongelante, checar neblinero y cuartos",MOTRIZ,Modelo,"Alfredo Carretero Azamar"
TZ-185,Tuxtepec,2020-02-17,2020-02-17,2020-02-18,"Mantenimiento Correctivo",1500,1,Terminada,"Nivelar aceite de maza pos. 2, desarmar maza pos. y para cambio de aceite por contaminación",MOTRIZ,Modelo,"Gomsa Camiones Tuxtepec S.A de C.V."
TZ-203,Zacatecas,2020-02-17,2020-02-20,2020-02-24,Rescate,9800,7,Terminada,"PROBLEMAS CON EMBRAGUE",MOTRIZ,Modelo,"Kenworth del Bajio S.A de C.V"
4334,Tuxtepec,2020-02-17,2020-02-17,2020-02-18,"Mantenimiento Correctivo",800,1,Terminada,"Cambio de chamber pos. 4",ARRASTRE,Modelo,"Muelles de la Cuenca"
TZ-195,"Guadalajara Especializado",2020-02-25,2020-02-28,2020-02-28,"Mantenimiento Correctivo",8500,3,Terminada,"Unidad ingresar por problemas con el freno de motor, no lo activa. En proceso de reparación.  Fecha de entrega  28/02/2020  a las 11:00 hrs",MOTRIZ,Modelo,"Zapata Camiones  Suc. R Michel"
TZ-237,"Guadalajara Especializado",2020-02-17,2020-02-21,2020-02-25,"Mantenimiento Correctivo",8500,8,Terminada,"Unidad terminada,  se reparo la caja de direccion. ",MOTRIZ,Modelo,"Nestor Alcala Zavalza"
TZ-351,Zacatecas,2020-02-18,2020-02-18,2020-02-24,"Mantenimiento Correctivo",2300,6,Terminada,"CONFIGURACIÓN DE PARÁMETROS  DE FABRICA SIN MODIFICAR  TEMA DE GOBERNADO",MOTRIZ,Modelo,"Kenworth del Centro S.A de C.V"
DH-104,Tuxtepec,2020-02-18,2020-02-18,2020-02-19,"Mantenimiento Correctivo",900,1,Terminada,"Cambio de chamber  pos. 2, cambio de balatas pos. 1 y 2",DOLLY,Modelo,"Muelles de la Cuenca"
4233,Tuxtepec,2020-02-18,2020-02-18,2020-02-20,"Mantenimiento Preventivo",1400,2,Terminada,"Mantto preventivo A",ARRASTRE,Modelo,"Muelles de la Cuenca"
4234,Tuxtepec,2020-02-18,2020-02-18,2020-02-20,"Mantenimiento Preventivo",1400,2,Terminada,"Mantto preventivo A",ARRASTRE,Modelo,"Muelles de la Cuenca"
DH-104,Tuxtepec,2020-02-18,2020-02-18,2020-02-20,"Mantenimiento Preventivo",1400,2,Terminada,"Mantto preventivo A",DOLLY,Modelo,"Muelles de la Cuenca"
TZ-242,Tuxtepec,2020-02-18,2020-02-18,2020-02-19,"Mantenimiento Correctivo",150,1,Terminada,"Reapretar abrazaderas de postenfriador",MOTRIZ,Modelo,"Muelles de la Cuenca"
TZ-329,Tuxtepec,2020-02-18,2020-02-18,2020-02-19,"Mantenimiento Correctivo",1000,1,Terminada,"Cambio de tacon de cofre",MOTRIZ,Modelo,"Muelles de la Cuenca"
TZ-353,Tuxtepec,2020-02-19,2020-02-19,2020-02-20,"Mantenimiento Preventivo",10000,1,Terminada,"Mantto preventivo M1 y Calibración de motor",MOTRIZ,Modelo,"Gomsa Camiones Tuxtepec S.A de C.V."
TZ-250,Tuxtepec,2020-02-19,2020-02-19,2020-02-19,"Mantenimiento Correctivo",300,0,Terminada,"Cambio de conexión dañada en tanque de aire, aleron dañado en percance en carretera",MOTRIZ,Modelo,"Muelles de la Cuenca"
TZ-311,Tuxtepec,2020-02-19,2020-02-19,2020-02-20,"Mantenimiento Correctivo",4500,1,Terminada,"Reparar marcha",MOTRIZ,Modelo,"Sergio Mendoza Alanso"
4393,Tuxtepec,2020-02-19,2020-02-19,2020-02-20,"Mantenimiento Preventivo",1400,1,Terminada,"Mantto Preventivo A",ARRASTRE,Modelo,"Muelles de la Cuenca"
4274,Tuxtepec,2020-02-19,2020-02-19,2020-02-20,"Mantenimiento Preventivo",1400,1,Terminada,"Mantto preventivo A",ARRASTRE,Modelo,"Muelles de la Cuenca"
DH-127,Tuxtepec,2020-02-19,2020-02-19,2020-02-20,"Mantenimiento Preventivo",1400,1,Terminada,"Mantto preventivo A",DOLLY,Modelo,"Muelles de la Cuenca"
TZ-392,"Guadalajara Dedicado",2020-02-20,2020-03-04,2020-03-05,"Mantenimiento Preventivo",21000,14,Terminada,"Unidad ingresa a M1 y a revisión de códigos de falla.  En proceso de reparacion de tanque,  amortiguadores, etc.  UNIDAD TERMINADA",MOTRIZ,Modelo,"Kenworth de Jalisco S.A de C.V"
TZ-199,Tuxtepec,2020-02-20,2020-02-20,2020-02-24,"Mantenimiento Correctivo",800,4,Terminada,"Corregir fugas de aire en conexiones de tanque, checar flotador del tanque de diesel",MOTRIZ,Modelo,"Muelles de la Cuenca"
TZ-178,Tuxtepec,2020-02-19,2020-02-20,2020-02-24,"Mantenimiento Correctivo",8000,5,Terminada,"Cambio de cilindro esclavo de clutch, cambio de pedal de clutch, cambio de clutch dañado",MOTRIZ,Modelo,"Patio Zemog"
TZ-296,Zacatecas,2020-02-21,2020-02-25,2020-02-25,"Mantenimiento Correctivo",3650,4,Terminada,"Revisar albardones caja de direccion dura al realizar maniobras en patio",MOTRIZ,Modelo,"Centro Diesel Profesional"
TZ-183,Zacatecas,2020-02-21,2020-02-25,2020-02-28,Siniestro,21879,7,Terminada,"Golpe en pate delantera. Derecha en defensa y base central",MOTRIZ,Modelo,"Patio Zemog"
TZ-240,Zacatecas,2020-02-14,2020-02-24,2020-02-29,Siniestro,7300,15,Terminada,"Golpe en parte delantera izquierda defensa. Y faro",MOTRIZ,Modelo,"Patio Zemog"
TZ-363,Tuxtepec,2020-02-24,2020-02-25,2020-02-25,"Mantenimiento Correctivo",250,1,Terminada,"Cambio de llantas por bajo milimetraje pos. 3 y 4",MOTRIZ,Modelo,"Patio Zemog"
TZ-252,Tuxtepec,2020-02-24,2020-02-24,2020-02-25,"Mantenimiento Correctivo",250,1,Terminada,"Cambio de conector hembra, cambio de fusibles de sam chasis fundidos",MOTRIZ,Modelo,"Patio Zemog"
TZ-206,Tuxtepec,2020-02-24,2020-02-24,2020-02-25,"Mantenimiento Correctivo",250,1,Terminada,"Mantto a 4 baterías por falla en arranque",MOTRIZ,Modelo,"Patio Zemog"
TZ-177,Tuxtepec,2020-02-24,2020-02-24,2020-02-25,"Mantenimiento Correctivo",500,1,Terminada,"Cambio de manguera de alta de la dirección hidráulica, corregir fuga de anticongelante en tapón de drene del radiador",MOTRIZ,Modelo,"Muelles de la Cuenca"
DH-146,Tuxtepec,2020-02-24,2020-02-24,2020-02-25,"Mantenimiento Correctivo",150,1,Terminada,"Cambio de llave de paso",DOLLY,Modelo,"Muelles de la Cuenca"
TZ-300,Zacatecas,2020-02-25,2020-02-26,2020-02-29,"Mantenimiento Correctivo",3580,4,Terminada,"Revisar soportes de motor , Albardones,Soportea de cabina",MOTRIZ,Modelo,"Centro Diesel Profesional"
TZ-173,Zacatecas,2020-02-21,2020-02-28,2020-02-29,Garantia,1,8,Terminada,"No funcionan direccionales",MOTRIZ,Modelo,"Patio Zemog"
TZ-317,"Mazatlan Especializado",2020-02-25,2020-02-26,2020-02-28,"Mantenimiento Correctivo",21800,3,Terminada,"operador reporta deslizamiento de embrague y aumento en revoluciones",MOTRIZ,Modelo,"Kenworth Sinaloense S.A. DE C.V."
TZ-424,"Mazatlan Dedicado",2020-02-25,2020-02-25,2020-02-28,"Mantenimiento Preventivo",7000,3,Terminada,"servicio de conservacion de motor sin falla reportadas",MOTRIZ,Modelo,"Camiones Vence, S.A. de C.V."
TZ-424,"Mazatlan Dedicado",2020-02-25,2020-02-25,2020-02-28,"Mantenimiento Preventivo",7000,3,Terminada,"operador reporta unidad sin novedad",MOTRIZ,Modelo,"Camiones Vence, S.A. de C.V."
TZ-182,Tuxtepec,2020-02-25,2020-02-25,2020-02-26,"Mantenimiento Correctivo",3000,1,Terminada,"Checar pedal del clutch se queda abajo, corregir fuga de aire",MOTRIZ,Modelo,"Muelles de la Cuenca"
TZ-206,Tuxtepec,2020-02-25,2020-02-25,2020-02-27,"Mantenimiento Correctivo",1000,2,Terminada,"Checar sistema de arranque, baterías, satelital",MOTRIZ,Modelo,"Patio Zemog"
4311,Tuxtepec,2020-02-25,2020-02-28,2020-03-02,"Mantenimiento Correctivo",10000,6,Terminada,"Bajar llantas con bajo milimetraje para renovar, 1,2,3,4,5,7 y 8",ARRASTRE,Modelo,"Patio Zemog"
TZ-194,"Guadalajara Especializado",2020-02-25,2020-02-27,2020-03-04,"Mantenimiento Correctivo",1200,8,Terminada,"Unidad ingresa a TRR por fugas de aire y deja de funcionar el A/C.  Unidad terminada",MOTRIZ,Modelo,"Tracto reparaciones Rodrigo"
4415,Tuxtepec,2020-02-26,2020-02-26,2020-02-27,"Mantenimiento Preventivo",700,1,Terminada,"Mantto preventivo A",ARRASTRE,Modelo,"Muelles de la Cuenca"
4425,Tuxtepec,2020-02-26,2020-02-26,2020-02-27,"Mantenimiento Preventivo",700,1,Terminada,"Mantto Preventivo A",ARRASTRE,Modelo,"Muelles de la Cuenca"
TZ-236,"Guadalajara Especializado",2020-02-26,2020-02-26,2020-02-29,"Mantenimiento Preventivo",18200,3,Terminada,"Servicio M1 OK, adicional esta dañado bomba, empaque y laina.  cotizacion autorizada, en proceso de reparacion.  Se libeRA HOY A LAS 15:00 HS ",MOTRIZ,Modelo,"Kenworth de Jalisco S.A de C.V (Jau"
DA-204,Tuxtepec,2020-02-26,2020-02-26,2020-02-27,"Mantenimiento Preventivo",700,1,Terminada,"Mantto preventivo A",DOLLY,Modelo,"Muelles de la Cuenca"
4397,Torreon,2020-02-26,2020-03-02,2020-03-02,"Mantenimiento Correctivo",20000,5,Terminada,"CAMBIO DE PLACA DE DESLIZAMIENTO Y PERNO REY",ARRASTRE,Modelo,"Jose Luis Velazco Bustos"
TZ-352,Tuxtepec,2020-02-25,2020-02-25,2020-02-27,"Mantenimiento Preventivo",7500,2,Terminada,"Mantto preventivo M1",MOTRIZ,Modelo,"Gomsa Camiones Tuxtepec S.A de C.V."
TZ-204,Tuxtepec,2020-02-26,2020-02-26,2020-02-27,"Mantenimiento Correctivo",1000,1,Terminada,"Corregir falla en micro del clutch",MOTRIZ,Modelo,"Sergio Mendoza Alanso"
4263,Tuxtepec,2020-02-26,2020-02-26,2020-02-27,"Mantenimiento Correctivo",500,1,Terminada,"Cambio de plafones fundidos",ARRASTRE,Modelo,"Sergio Mendoza Alanso"
TZ-149,Torreon,2020-02-27,2020-02-27,2020-02-28,"Mantenimiento Correctivo",1,1,Terminada,"PERDIDA DE POTENCIA 
NOTA: SE REALIZO LIMPIEZA DE TURBO POR EXCESO DE HOLLIN, SE REALIZO REVICION DE SENSOR DE MULTIPLE DE ESCAPE, PRESION DE ACEITE, SELLAR FISURA EN DEPOSITO DE ANTICONGELANTE Y COR",MOTRIZ,Modelo,"Megamack (Torreon)"
4338,Torreon,2020-02-27,2020-02-27,2020-02-27,"Mantenimiento Correctivo",1175,0,Terminada,"BOLSA POROSA 2° EJE LADO DERECHO",ARRASTRE,Modelo,"Jose Garcia Guerrero"
DH-120,Torreon,2020-02-27,2020-02-27,2020-02-27,"Mantenimiento Correctivo",450,0,Terminada,"FUGA DE AIRE POR VÁLVULA PALANQUETA",DOLLY,Modelo,"Jose Garcia Guerrero"
4280,Tuxtepec,2020-02-27,2020-02-27,2020-02-28,"Mantenimiento Preventivo",1400,1,Terminada,"Mantto Preventivo A",ARRASTRE,Modelo,"Muelles de la Cuenca"
4258,Tuxtepec,2020-02-27,2020-02-27,2020-02-28,"Mantenimiento Preventivo",1400,1,Terminada,"Mantto Preventivo A",ARRASTRE,Modelo,"Muelles de la Cuenca"
TZ-311,Tuxtepec,2020-02-27,2020-02-28,2020-02-29,"Mantenimiento Correctivo",6300,2,Terminada,"Llanta de  dirección pos. 2 con golpe en costado",MOTRIZ,Modelo,"Patio Zemog"
TZ-245,Tuxtepec,2020-02-27,2020-02-27,2020-02-28,"Mantenimiento Correctivo",500,1,Terminada,"Checar fuga de aire en tablero y válvula niveladora",MOTRIZ,Modelo,"Muelles de la Cuenca"
TZ-253,"Mexico Especializado",2020-02-27,2020-02-27,,"Mantenimiento Correctivo",90,,Terminada,"Cambiar manguera de espiral (servicio)",MOTRIZ,Modelo,"Patio Zemog"
4250,"Mexico Especializado",2020-02-27,2020-02-27,2020-02-28,"Mantenimiento Preventivo",1800,1,Terminada,"Mantenimiento preventivo",ARRASTRE,Modelo,"Patio Zemog"
4251,"Mexico Especializado",2020-02-27,2020-02-27,2020-02-28,"Mantenimiento Preventivo",1800,1,Terminada,"Mantenimiento preventivo",ARRASTRE,Modelo,"Patio Zemog"
TZ-349,"Mexico Especializado",2020-02-27,2020-02-27,,"Mantenimiento Correctivo",1,,Terminada,"Calibrar presión llantas
Cambiar cable macho",MOTRIZ,Modelo,"Patio Zemog"
TZ-313,"Mexico Especializado",2020-02-27,2020-02-27,,"Mantenimiento Correctivo",1,,Terminada,"Talacha llanta P9",MOTRIZ,Modelo,"Mendoza Logistic Systems, S.A. de C"
TZ-190,Zacatecas,2020-02-27,2020-02-29,2020-02-29,"Mantenimiento Correctivo",3700,2,Terminada,"Fuga de aceite por salida de escape en turno
Fuga de aire por pos enfriador",MOTRIZ,Modelo,"Kenworth del Centro S.A de C.V"
TZ-319,Torreon,2020-02-28,2020-02-28,2020-02-29,"Mantenimiento Correctivo",1,1,Terminada,"REVISAR POR FUGA DE AIRE A LA ALTURA DE SUSPENCION DELANTERA
NOTA: SE CAMBIO CONEXIÓN DE BRONCE CODO DE 1/2"" A 5/8"" CON GARBANZO, SE SELLO FUGA EN CONEXION DE MANITA DE AIRE DE SERVICIO.",MOTRIZ,Modelo,"Jose Garcia Guerrero"
DH-091,Torreon,2020-02-28,2020-03-03,2020-03-03,"Mantenimiento Correctivo",8362,4,Terminada,"04 LLANTAS DAÑADAS 1° EJE (EN REVISION Y DICTAMEN TECNICO PARA DESLINDAR REPONSABILIDAD DEL OPERADOR, YA QUE EL EQUIPO SE MOVIO SIN AIRE Y DAÑO LAS 4 LLANTAS DEL PRIMER EJE) 2 DE LAS LLANTAS SE PUDIER",DOLLY,Modelo,"Jose Garcia Guerrero"
4316,Tuxtepec,2020-02-28,2020-02-28,2020-02-29,"Mantenimiento Preventivo",700,1,Terminada,"Mantto Preventivo A",ARRASTRE,Modelo,"Muelles de la Cuenca"
4200,Tuxtepec,2020-02-28,2020-02-28,2020-02-29,"Mantenimiento Correctivo",1000,1,Terminada,"Reparar fisuras en chasis y puentes de perchas",ARRASTRE,Modelo,"Muelles de la Cuenca"
DH-112,Tuxtepec,2020-02-28,2020-02-28,2020-02-29,"Mantenimiento Correctivo",1000,1,Terminada,"Reparar fisuras en piernas de suspensión y ojillos de jalón",DOLLY,Modelo,"Muelles de la Cuenca"
TZ-257,Tuxtepec,2020-02-28,2020-02-28,2020-02-29,"Mantenimiento Correctivo",200,1,Terminada,"Cambio de llanta volada pos. 9, revisar bujes de albardones y tacones de motor",MOTRIZ,Modelo,"Patio Zemog"
TZ-281,"Mexico Especializado",2020-02-28,2020-03-03,2020-03-03,"Mantenimiento Correctivo",1,4,Terminada,"Revisar funcionamiento freno de motor (se escucha disparejo, en ocasiones se corta)
Motor se calibro el 25/01/2020. No se presento la falla después de varios diagnósticos.",MOTRIZ,Modelo,"Zapata Camiones (Tlalnepantla)"
4399,"Guadalajara Especializado",2020-02-28,2020-02-28,2020-02-29,"Mantenimiento Correctivo",2400,1,Terminada,"Remolque con daño en chamber. En proceso de reparacion",ARRASTRE,Modelo,"Nestor Alcala Zavalza"
4262,Tuxtepec,2020-02-28,2020-02-29,2020-03-02,"Mantenimiento Correctivo",16000,3,Terminada,"Cambio de espejo (quinta rueda superior), por desgaste excesivo",ARRASTRE,Modelo,"Muelles de la Cuenca"
4292,Tuxtepec,2020-02-28,2020-02-28,2020-02-29,"Mantenimiento Correctivo",1500,1,Terminada,"Cambio de arandela concentrica de bujes trifuncional, cambio de tonillo pivote y alinear pos. 1",ARRASTRE,Modelo,"Muelles de la Cuenca"
TZ-185,Tuxtepec,2020-02-28,2020-02-28,2020-02-28,"Mantenimiento Correctivo",1500,0,Terminada,"Cambio de bujes dañados de quinta rueda, reapretar tornilleria de puente de chasis",MOTRIZ,Modelo,"Muelles de la Cuenca"
TZ-291,"Mexico Especializado",2020-02-28,2020-02-28,2020-03-04,Rescate,15000,5,Terminada,"Operador reporta elevación de temperatura de refrigerante (posible termostato)
Nivel de anticongelante correcto, no presenta fugas de refrigerante, fan clutch si trabaja",MOTRIZ,Modelo,"Zapata Camiones (Tlalnepantla)"
4291,"Mexico Especializado",2020-02-28,2020-02-28,,"Mantenimiento Correctivo",1,,Terminada,"Cambio llanta P3
Calibrar presión llantas
Reparar tubo de lona
Reparar poste trasero izquierdo",ARRASTRE,Modelo,"Mendoza Logistic Systems, S.A. de C"
TZ-210,Apan,2020-02-28,2020-02-28,,"Mantenimiento Correctivo",1,,Terminada,"Talacha llanta P9
Calibrar presión llantas",MOTRIZ,Modelo,"Mendoza Logistic Systems, S.A. de C"
4341,Apan,2020-02-28,2020-02-28,,"Mantenimiento Correctivo",1392,,Terminada,"Cambiar bolsa aire",ARRASTRE,Modelo,"Patio Zemog"
TZ-365,Tuxtepec,2020-02-29,2020-02-29,2020-03-02,Rescate,5000,2,Terminada,"Manguera del EGR dañada a la llegada del venturi",MOTRIZ,Modelo,"Kenworth del Este S.A. de C.V."
TZ-256,Tuxtepec,2020-02-29,2020-02-29,2020-03-02,"Mantenimiento Correctivo",1000,2,Terminada,"Checar baleros de poleas tensoras, checar micro del pedal del clutch, ajustar cofre",MOTRIZ,Modelo,"Muelles de la Cuenca"
TZ-246,Tuxtepec,2020-02-29,2020-02-29,2020-03-02,"Mantenimiento Correctivo",500,2,Terminada,"Checar secador (corta por arriba de la presión objetivo)",MOTRIZ,Modelo,"Muelles de la Cuenca"
DA-062,Tuxtepec,2020-02-29,2020-02-29,2020-03-02,"Mantenimiento Correctivo",300,2,Terminada,"Cambio de llanta volada pos. 6 y reparar pos. 7 ponchada",DOLLY,Modelo,"Patio Zemog"
4153,Tuxtepec,2020-02-29,2020-02-29,2020-03-02,"Mantenimiento Correctivo",700,2,Terminada,"Reparar lonas",ARRASTRE,Modelo,"Muelles de la Cuenca"
4283,Tuxtepec,2020-02-29,2020-02-29,2020-03-02,"Mantenimiento Correctivo",150,2,Terminada,"lubricar carretillas",ARRASTRE,Modelo,"Muelles de la Cuenca"
4331,Tuxtepec,2020-02-29,2020-02-29,2020-03-02,"Mantenimiento Correctivo",150,2,Terminada,"Lubricar carretillas, colocar duela en borda para aumentar inclinación de la tarima",ARRASTRE,Modelo,"Muelles de la Cuenca"
TZ-388,"Guadalajara Dedicado",2020-02-28,2020-03-03,2020-03-02,"Mantenimiento Correctivo",12500,3,Terminada,"Unidad ingresa a servicio M1, se repara corto circuito en arnes de freno de motor. ",MOTRIZ,Modelo,"Kenworth de Jalisco S.A de C.V (Jau"
4181,"Guadalajara Especializado",2020-02-29,2020-02-03,2020-03-03,"Mantenimiento Preventivo",1800,3,Terminada,"Terminado, cambio de balatas y 4 amortiguadores",ARRASTRE,Modelo,"Nestor Alcala Zavalza"
4336,"Guadalajara Especializado",2020-02-29,2020-03-02,2020-03-03,"Mantenimiento Preventivo",1800,3,Terminada,"UNIDAD TERMINA",ARRASTRE,Modelo,"Nestor Alcala Zavalza"
TZ-247,Tuxtepec,2020-03-02,2020-03-03,2020-03-04,"Mantenimiento Correctivo",7000,2,Terminada,"Cambio de válvula del turbo por fuga de anticongelante",MOTRIZ,Modelo,"Gomsa Camiones Tuxtepec S.A de C.V."
DH-140,Tuxtepec,2020-03-02,2020-03-02,2020-03-03,"Mantenimiento Correctivo",500,1,Terminada,"Reparar fisuras en perchas",DOLLY,Modelo,"Muelles de la Cuenca"
TZ-319,Torreon,2020-03-03,2020-03-03,2020-03-02,Rescate,1,-1,Terminada,"Problemas con el sistema de combustible, en las lineas de diésel de alta presión (toberas)
Nota: Esta apoyando personal de rescate carretero en Hermosillo para habilitar la unidad y se pueda mover, J",MOTRIZ,Modelo,"Camionera de Chihuahua SA de CV"
TZ-188,Apan,2020-03-02,2020-03-02,2020-03-02,"Mantenimiento Correctivo",90,0,Terminada,"Reapretar guía suspensión eje inter lado izquierdo",MOTRIZ,Modelo,"Patio Zemog"
TZ-277,Apan,2020-03-02,2020-03-02,2020-03-03,"Mantenimiento Preventivo",8050,1,Terminada,"Mantenimiento preventivo",MOTRIZ,Modelo,"Zapata Camiones (Tlalnepantla)"
TZ-237,"Guadalajara Especializado",2020-03-02,2020-03-04,2020-03-03,Rescate,12500,1,Terminada,"Adrian Lopez: Unidad terminada,  reemplazo de tornillos al tensor (Capados) abrazaderas del chamber. Falta la guia del eje. Recomiendan ingresar a taller",MOTRIZ,Modelo,"Kenworth de Jalisco S.A de C.V"
TZ-322,Torreon,2020-03-02,2020-03-03,2020-03-03,"Mantenimiento Correctivo",1250,1,Terminada,"INSTALACIÓN DE FAROS REVERSEROS DE MANIOBRAS, CAMBIO DE FOCOS NEBLINEROS DELANTEROS DAÑADOS.",MOTRIZ,Modelo,"Jose Garcia Guerrero"
TZ-119,Apan,2020-03-02,2020-03-02,,"Mantenimiento Correctivo",1,,Terminada,"Cambiar bandas de motor
Reparar polea tensora
Revisar y corregir fugas aire
Revisar líneas salida hembra luces",MOTRIZ,Modelo,"Patio Zemog"
TZ-326,"Mexico Especializado",2020-03-02,2020-03-02,,"Mantenimiento Correctivo",1,,Terminada,"Revisar funcionamiento cable macho",MOTRIZ,Modelo,"Patio Zemog"
4353,"Mexico Especializado",2020-03-02,2020-03-02,,"Mantenimiento Correctivo",1,,Terminada,"Cambio llanta P1",ARRASTRE,Modelo,"Mendoza Logistic Systems, S.A. de C"
TZ-363,Tuxtepec,2020-03-02,2020-03-02,2020-03-03,"Mantenimiento Correctivo",300,1,Terminada,"Cambio de llanta pos. 5 con bajo milimetraje, cambio de válvula niveladora con fuga",MOTRIZ,Modelo,"Patio Zemog"
TZ-256,Tuxtepec,2020-03-02,2020-03-02,2020-03-03,"Mantenimiento Correctivo",700,1,Terminada,"Cambio de alternador por balero dañado",MOTRIZ,Modelo,"Sergio Mendoza Alanso"
TZ-182,Tuxtepec,2020-03-03,2020-03-03,2020-03-04,"Mantenimiento Preventivo",8000,1,Terminada,"Mantto preventivo M1, calibración de motor",MOTRIZ,Modelo,"Gomsa Camiones Tuxtepec S.A de C.V."
4318,Tuxtepec,2020-03-03,2020-03-03,2020-03-04,"Mantenimiento Correctivo",450,1,Terminada,"Reparar lona rasgada",ARRASTRE,Modelo,"Muelles de la Cuenca"
4107,"Guadalajara Dedicado",2020-03-03,2020-03-03,2020-03-03,"Mantenimiento Preventivo",1800,0,Terminada,"REMOLQUE INGRESA A M1,  terminado",ARRASTRE,Modelo,"Nestor Alcala Zavalza"
TZ-326,"Mexico Especializado",2020-03-03,2020-03-03,2020-03-04,"Mantenimiento Preventivo",1,1,Terminada,"Mantenimiento preventivo",MOTRIZ,Modelo,"Kenworth Metropolitanos SA. DE CV."
TZ-253,"Mexico Especializado",2020-03-03,2020-03-03,2020-03-04,"Mantenimiento Preventivo",8500,1,Terminada,"Mantenimiento preventivo",MOTRIZ,Modelo,"Zapata Camiones (Tlalnepantla)"
TZ-201,Torreon,2020-03-03,2020-03-03,2020-03-04,Rescate,1,1,Terminada,"UNIDAD CON PROBLEMAS PARA CARGAR AIRE.
NOTA: SE CAMBIO COMPRESOR DE AIRE.",MOTRIZ,Modelo,"Kenworth de Chihuahua S.A de C.V"
TZ-177,Tuxtepec,2020-03-03,2020-03-03,2020-03-04,"Mantenimiento Correctivo",500,1,Terminada,"Corregir fuga  de aceite en reten pos. 1",MOTRIZ,Modelo,"Eduardo Carretero Martínez"
TZ-242,Tuxtepec,2020-03-04,2020-03-04,2020-03-05,"Mantenimiento Preventivo",11000,1,Terminada,"Mantto preventivo M1, calibración de motor",MOTRIZ,Modelo,"Gomsa Camiones Tuxtepec S.A de C.V."
TZ-237,"Guadalajara Especializado",2020-03-04,2020-03-05,2020-03-04,"Mantenimiento Correctivo",5500,0,Terminada,"UNIDAD SE RESCATE POR EJE RECORRIDO. UNIDAD TERMINADA, SE REEMPLAZAN GRANADAS, 2 BOLSAS DE SUSPENSION, Y LA GUIA DEL EJE",MOTRIZ,Modelo,"Patio Zemog"
4281,"Guadalajara Especializado",2020-03-04,2020-03-04,2020-03-04,"Mantenimiento Correctivo",4000,0,Terminada,"DAÑO EN 2 BOLSAS DE SUSPENSION, EN PROCESO DE REPARACION. REMOLQUE TERMINADA",ARRASTRE,Modelo,"Patio Zemog"
4179,"Guadalajara Especializado",2020-03-04,2020-03-04,2020-03-04,"Mantenimiento Correctivo",3500,0,Terminada,"REMOLQUE CON LAMINA DAÑADA. SE PROCEDE A REPARAR E INSTALAS ANGULOS Y REFORZAR.  REMOLQUE TERMINADO",ARRASTRE,Modelo,"Nestor Alcala Zavalza"
TZ-204,Tuxtepec,2020-03-04,2020-03-04,2020-03-05,"Mantenimiento Correctivo",1500,1,Terminada,"Reparar radiador de la calefacción",MOTRIZ,Modelo,"Ricardo Santiago Velazquez"
TZ-319,Torreon,2020-03-02,2020-03-04,2020-03-04,"Mantenimiento Correctivo",1,2,"Terminada bajo reserva","CAMBIO DE SOPORTES DE MOTOR EN AGENCIA CAMIONES Y TRACTO CAMIONES DE SONORA (PENDIENTE TRASLADO A LA AGENCIA)
CAMBIO DE CRISTAL DE PUERTA LADO COPILOTO POR SINIESTRO (PENDIENTE TRASLADO AL TALLER) FO",MOTRIZ,Modelo,"Camiones y Tractocamiones de Sonora"
TZ-127,Hermosillo,2019-06-15,2020-03-16,0000-00-00,"Mantenimiento Correctivo",190000,263,"En espera de autorización","Media reparación por desgaste de componentes debido a contaminación de refrigerante en el aceite de motor.",MOTRIZ,Arca,"Camiones Vence, S.A. de C.V."
TZ-216,Chihuahua,2020-02-27,2020-03-06,,"Mantenimiento Correctivo",14000,6,"En espera de autorización","Reemplazo de balatas y tambores tandem trasero.",MOTRIZ,Arca,"Kenworth de Chihuahua S.A de C.V"
TZ-292,Nogales,2020-02-21,2020-03-06,0000-00-00,"Mantenimiento Correctivo",40000,12,"En espera de cotización","Turbo dañado y VGT.",MOTRIZ,Arca,CAMINOSA
TZ-110,"La paz",2020-01-06,2020-03-06,0000-00-00,"Mantenimiento Correctivo",12000,58,"En espera de cotización","Fuga de aceite de motor por concha trasera. diagnostican el clutch tiene resortes quebrados. ",MOTRIZ,Arca,"Camiones Vence, S.A. de C.V."
TZ-156,Mexicali,2020-03-04,2020-03-06,,"Mantenimiento Correctivo",0,0,"En espera de cotización","reporta operador fuga de agua en manguera, se sube la temperatura, tapón de diésel dañado y calefacción prendida, no se apaga.
fanclutch directo.",MOTRIZ,Arca,"Kenworth del noroeste, S.A. de C.V."
TZ-130,Hermosillo,2020-02-18,2020-03-06,0000-00-00,"Mantenimiento Correctivo",5000,15,"En espera de diagnostico","Posible corto en linea de control crucero y fan clutch directo.",MOTRIZ,Arca,"Camiones y Tractocamiones de Sonora"
TZ-306,Culiacan,2020-03-02,2020-03-06,0000-00-00,"Mantenimiento Preventivo",35000,2,"En espera de diagnostico","ya recibí el diagnostico y  comenta la agencia que si es la Bomba de combustión de Alta ya les envié la cotización",MOTRIZ,Arca,"Camiones Vence, S.A. de C.V."
TZ-209,Culiacan,2020-02-29,2020-03-04,0000-00-00,"Mantenimiento Correctivo",35000,4,"En espera de diagnostico","la unidad se ingreso por perdida de potencia al parecer me comentan que lo mas posible es que se ala valvula vgt harán pruebas con otra valvula para estar seguros de que si sea realmente la válvula VG",MOTRIZ,Arca,"Kenworth Sinaloense S.A. DE C.V."
TZ-294,Nogales,2020-03-03,2020-03-06,0000-00-00,"Mantenimiento Correctivo",40000,1,"En espera de diagnostico","Revisión de turbo y VGT",MOTRIZ,Arca,"Turbo Sistemas"
TZ-227,Hermosillo,2019-09-05,2020-03-09,0000-00-00,"Mantenimiento Correctivo",100000,181,"En proceso de reparación","media Reparacion de motor. Se revisara la fecha de entrega de unidad ya que se haya autorizado la cotización",MOTRIZ,Arca,"Kenworth Distribuidora de Sonora, S"
TZ-166,Hermosillo,2020-01-23,2020-03-05,0000-00-00,"Mantenimiento Correctivo",60000,41,"En proceso de reparación","Calibracion de motor, se detectó el  árbol de levas y balancines cascados. Se revisará fecha de entrega de unidad ya que se autorice la cotización",MOTRIZ,Arca,"Kenworth Distribuidora de Sonora, S"
TZ-138,Durango,2018-09-15,2020-03-09,0000-00-00,"Mantenimiento Correctivo",562000,536,"En proceso de reparación","Se le realizo reparacion general de motor, ya se termino, pero presenta problemas eléctricos, fufas de aire y de fluidos",MOTRIZ,Arca,"Intercamiones S.A. de C.V."
TZ-132,Culiacan,2019-05-31,2020-03-09,,"Mantenimiento Correctivo",110000,278,"En proceso de reparación","Media reparación de motor.",MOTRIZ,Arca,"Camiones Vence, S.A. de C.V."
TZ-208,Durango,2020-02-29,2020-03-05,0000-00-00,"Mantenimiento Correctivo",7000,4,"En proceso de reparación","Se realizan trabajo de soldadura en soportes de cofre, esta unidad tiene varios detalles adicionales que se estarán atendiendo algunos en patio y con otros proveedores",MOTRIZ,Arca,"Vitalizadora Durango"
TZ-163,Mexicali,2019-10-03,2020-03-06,,"Mantenimiento Correctivo",124685,153,"En proceso de reparación","Reparación general de motor (long block)",MOTRIZ,Arca,"Kenworth del noroeste, S.A. de C.V."
TZ-116,Mazatlan,2019-09-05,2020-03-16,,"Mantenimiento Correctivo",110000,181,"En proceso de reparación","Media reparación de motor por desgaste debido a contaminación de refrigerante en el aceite.",MOTRIZ,Arca,"Camiones Vence, S.A. de C.V."
TZ-436,Juarez,2020-03-02,2020-03-04,,Siniestro,7000,2,"En proceso de reparación","REPARAR DEFENSA LADO DE EL COPILOTO",MOTRIZ,Arca,"Kenworth de Chihuahua S.A de C.V"
TZ-239,Durango,2020-03-02,2020-03-04,0000-00-00,"Mantenimiento Correctivo",3899,2,"En proceso de reparación","INGRESA A REPARACIÓN DE SUSPENSIÓN
",MOTRIZ,Arca,"Muelles Durango"
TZ-431,Hermosillo,2020-03-03,2020-03-04,,"Mantenimiento Preventivo",7000,1,"En proceso de reparación","Unidad en taller por servicio M1",MOTRIZ,Arca,"Kenworth Distribuidora de Sonora, S"
TZ-158,Juarez,2020-02-06,2020-02-11,2020-02-12,"Mantenimiento Correctivo",3506,6,Terminada,"No sostiene la carga de el aire en baja (neutralizado) y el indicador de el filtro de el diesel esta muy alto (revisar lineas tapadas o filtros tapados).",MOTRIZ,Arca,"Kenworth de Chihuahua S.A de C.V"
TZ-233,Mexicali,2020-02-10,2020-02-11,2020-02-22,"Mantenimiento Correctivo",3462,12,Terminada,"manguera de agua rota.",MOTRIZ,Arca,"Kenworth del noroeste, S.A. de C.V."
TZ-157,Juarez,2020-02-11,2020-02-11,2020-02-11,"Mantenimiento Preventivo",4451,0,Terminada,"SERVICIO PREVENTIVO A EL MOTOR A LOS 906,462 KMS. FACT. 18157JBB.",MOTRIZ,Arca,"Kenworth de Chihuahua S.A de C.V"
TZ-157,Juarez,2020-02-11,2020-02-11,2020-02-11,"Mantenimiento Correctivo",432,0,Terminada,"SE INGRESA PARA REEMPLAZO DE EMPAQUE DE FLECHA LATERAL, DE EL YOYO No. 4. FACT. 18158JBB.",MOTRIZ,Arca,"Kenworth de Chihuahua S.A de C.V"
TZ-283,Mazatlan,2020-02-11,2020-02-11,2020-02-13,"Mantenimiento Preventivo",6086,2,Terminada,"TZ-283 ingresa a servicio de mantenimiento preventivo",MOTRIZ,Arca,"Camiones Vence, S.A. de C.V."
TZ-158,Juarez,2020-02-14,2020-02-19,2020-02-26,"Mantenimiento Correctivo",4640,12,Terminada,"EL MARCADOR DE EL DIESEL TIENE VARIACIONES ALTAS (SE HACE LIMPIEZA DE LINEAS, REEMPLAZO DE LINEA DE EL DIESEL Y LIMPIEZA DE EL TANQUE DE EL LADO DE EL COPILOTO PARA HABILITARLO).",MOTRIZ,Arca,"Kenworth de Chihuahua S.A de C.V"
TZ-214,Juarez,2020-02-24,2020-05-24,2020-02-25,"Mantenimiento Correctivo",3334,1,Terminada,"FALLA EN EL ENCENDIDO (SE REEMPLAZA ARNES DE EL SWICH A LA MARCHA).",MOTRIZ,Arca,"Kenworth de Chihuahua S.A de C.V"
TZ-398,Juarez,2020-02-26,2020-02-26,2020-02-27,"Mantenimiento Correctivo",1000,1,Terminada,"REEMPLAZO DE FILTRO DE EL AGUA (TIRA AGUA) Y RELLENAR DE ANTICONGLEANTE.",MOTRIZ,Arca,"Autobuses y Tractocamiones Del Cent"
TZ-215,Chihuahua,2020-02-27,2020-02-27,2020-03-03,"Mantenimiento Preventivo",5823,5,Terminada,"MANTENIMIENTO PREVENTIVO Kilometraje: 969272",MOTRIZ,Arca,"Kenworth de Chihuahua S.A de C.V"
TZ-159,Chihuahua,2020-02-28,2020-02-28,,"Mantenimiento Correctivo",1975,,Terminada,"TAPON NDE DIESEL Y RELLENO DE ACEITE
Kilometraje: 855219",MOTRIZ,Arca,"Kenworth de Chihuahua S.A de C.V"
TZ-216,Chihuahua,2020-02-27,2020-03-03,,"Mantenimiento Correctivo",10000,,Terminada,"corregir fugas de aire por lineas del tanque, cambiar filtro secador tapado, reemplazo de deposito de recuperacion de refrigerante",MOTRIZ,Arca,"Kenworth de Chihuahua S.A de C.V"
TZ-230,"La paz",2020-03-04,2020-03-04,2020-03-05,"Mantenimiento Correctivo",11000,1,Terminada,"Reemplazo de frenos tandem trasero, la unidad quedo lista el mismo dia 04 feb.  ",MOTRIZ,Arca,"Kenworth del noroeste, S.A. de C.V."
TZ-286,Chihuahua,2020-03-04,2020-03-04,,"Mantenimiento Correctivo",0,,Terminada,"Cambio de bolsa de aire y colocación de loderas",MOTRIZ,Arca,"Kenworth de Chihuahua S.A de C.V"
TZ-104,Pepsi,2019-12-10,2020-03-31,,"Mantenimiento Correctivo",200000,85,"En espera de autorización","Media reparación de motor por falla de freno de motor (alcance valvular)",MOTRIZ,"Mexico Pepsi","Grupo SIS Diesel Refacciones y Tran"
TZ-279,Pepsi,2020-02-28,2020-03-05,0000-00-00,"Mantenimiento Correctivo",20000,5,"En espera de diagnostico","Calibración de motor
Corregir fuga aceite riel inyectores
Revisar fuga aceite diferencial inter
Revisar indicador temperatura diferencial inter
Revisar funcionamiento faros niebla, A/C camarote, l",MOTRIZ,"Mexico Pepsi","Zapata Camiones (Tlalnepantla)"
TZ-269,Pepsi,2020-02-28,2020-03-05,0000-00-00,"Mantenimiento Correctivo",1,5,"En espera de diagnostico","Revisar transmisión (se eleva temperatura de aceite y derivado de ello falla convertidor)",MOTRIZ,"Mexico Pepsi","Grupo SIS Diesel Refacciones y Tran"
TZ-268,Pepsi,2020-02-28,2020-03-09,0000-00-00,"Mantenimiento Correctivo",20000,5,"En espera de diagnostico","Unidad incendiada, arneses y módulos",MOTRIZ,"Mexico Pepsi","Taller asignado por Aseguradora"
TZ-289,Pepsi,2020-03-02,2020-03-07,0000-00-00,"Mantenimiento Correctivo",1,2,"En espera de diagnostico","Concha quebrada de transmisión, tornillos capados",MOTRIZ,"Mexico Pepsi","Grupo Gruver Cuernavaca"
TZ-260,Pepsi,2020-03-04,2020-03-06,,"Mantenimiento Correctivo",10000,0,"En espera de diagnostico","ESta unidad presenta falla de encendido, acaba de ser rescatada por la agencia, es el segundo reingreso al distribuidor",MOTRIZ,"Mexico Pepsi","Zapata Camiones (Tlalnepantla)"
TZ-262,Pepsi,2020-03-02,2020-03-04,0000-00-00,"Mantenimiento Correctivo",1,2,"En proceso de reparación","Cambiar bulbo presión aire
Revisar y corregir fugas aire
Cambiar purgadores a tanques aire
Reparar A/C",MOTRIZ,"Mexico Pepsi","Frenos de aire Nogara"
TZ-275,Pepsi,2020-03-03,2020-03-04,0000-00-00,"Mantenimiento Correctivo",20000,1,"En proceso de reparación","Fuga por deposito de liquido de frenos, pedal del embrague balasto de faro principal",MOTRIZ,"Mexico Pepsi","Zapata Camiones (Tlalnepantla)"
TZ-270,Pepsi,2020-03-03,2020-03-06,,Siniestro,1,1,"En proceso de diagnostico","Golpe frontal, daño en cofre, parrilla, defensa, radiador",MOTRIZ,"Mexico Pepsi","Pierson Tracto Servicios"
TZ-260,Pepsi,2020-02-24,2020-03-03,2020-03-04,"Mantenimiento Correctivo",1,9,Terminada,"Revisar sistema de arranque código de falla SPN 677 FMI 4 
Fallo en aceleración código de falla SPN 723FMI 10
Rellenar nivel aceite transmisión",MOTRIZ,"Mexico Pepsi","Zapata Camiones (Tlalnepantla)"
TZ-279,Pepsi,2020-02-28,2020-03-05,2020-03-03,"Mantenimiento Preventivo",6386,4,Terminada,"Mantenimiento preventivo",MOTRIZ,"Mexico Pepsi","Zapata Camiones (Tlalnepantla)"
TZ-270,Pepsi,2020-02-28,2020-02-28,2020-02-29,"Mantenimiento Correctivo",90,1,Terminada,"Revisar yoyo 3 ""se amarra un poco""
Calibrar frenos",MOTRIZ,"Mexico Pepsi","Patio Zemog"
TZ-270,Pepsi,2020-03-02,2020-03-02,,"Mantenimiento Correctivo",1,,Terminada,"Cambiar soportes de cabina
Cambiar soportes traseros de motor",MOTRIZ,"Mexico Pepsi","Patio Zemog"
TZ-260,Pepsi,2020-03-04,2020-03-04,2020-03-04,Rescate,1,0,Terminada,"Falla en encendido (rescate).
Se arranco directo del modulo, se dirigirá a la base a dejar los remolques y de ahí se ingresa nuevamente al distribuidor",MOTRIZ,"Mexico Pepsi","Zapata Camiones (Tlalnepantla)"
